<ImportExportXml xmlns:xsi="http://www.w3.org/2001/XMLSchema-instance">
  <Entities></Entities>
  <Roles></Roles>
  <Workflows>
    <Workflow WorkflowId="{43770d36-7b77-ed11-81ac-002248d5d6ed}" Name="Stripe_GetPaymentIntent">
      <JsonFileName>/Workflows/Stripe_GetPaymentIntent-43770D36-7B77-ED11-81AC-002248D5D6ED.json</JsonFileName>
      <Type>1</Type>
      <Subprocess>0</Subprocess>
      <Category>5</Category>
      <Mode>0</Mode>
      <Scope>4</Scope>
      <OnDemand>0</OnDemand>
      <TriggerOnCreate>0</TriggerOnCreate>
      <TriggerOnDelete>0</TriggerOnDelete>
      <AsyncAutodelete>0</AsyncAutodelete>
      <SyncWorkflowLogOnFailure>0</SyncWorkflowLogOnFailure>
      <StateCode>1</StateCode>
      <StatusCode>2</StatusCode>
      <RunAs>1</RunAs>
      <IsTransacted>1</IsTransacted>
      <IntroducedVersion>1.0.0.0</IntroducedVersion>
      <IsCustomizable>1</IsCustomizable>
      <BusinessProcessType>0</BusinessProcessType>
      <IsCustomProcessingStepAllowedForOtherPublishers>1</IsCustomProcessingStepAllowedForOtherPublishers>
      <PrimaryEntity>none</PrimaryEntity>
      <LocalizedNames>
        <LocalizedName languagecode="1033" description="Stripe_GetPaymentIntent" />
      </LocalizedNames>
    </Workflow>
  </Workflows>
  <FieldSecurityProfiles></FieldSecurityProfiles>
  <Templates />
  <EntityMaps />
  <EntityRelationships />
  <OrganizationSettings />
  <optionsets />
  <CustomControls>
    <CustomControl>
      <Name>damco_PcfStripeIntegrationNamespace.PcfStripeIntegration</Name>
      <FileName>/Controls/damco_PcfStripeIntegrationNamespace.PcfStripeIntegration/ControlManifest.xml</FileName>
    </CustomControl>
  </CustomControls>
  <EntityDataProviders />
  <CanvasApps>
    <CanvasApp>
      <Name>damco_stripepcfdemo_0dc10</Name>
      <AppVersion>2022-12-09T09:56:04Z</AppVersion>
      <Status>Ready</Status>
      <CreatedByClientVersion>3.22114.18.0</CreatedByClientVersion>
      <MinClientVersion>3.22114.18.0</MinClientVersion>
      <Tags>{"primaryDeviceWidth":"1366","primaryDeviceHeight":"768","supportsPortrait":"true","supportsLandscape":"true","primaryFormFactor":"Tablet","publisherVersion":"3.22114.18","minimumRequiredApiVersion":"2.2.0","hasComponent":"false","hasUnlockedComponent":"false","isUnifiedRootApp":"false","sienaVersion":"20221209T092843Z-3.22114.18.0"}</Tags>
      <IsCdsUpgraded>0</IsCdsUpgraded>
      <GalleryItemId xsi:nil="true"></GalleryItemId>
      <BackgroundColor>RGBA(0,176,240,1)</BackgroundColor>
      <DisplayName>StripePCFDemo</DisplayName>
      <Description xsi:nil="true"></Description>
      <CommitMessage>Modified By: Shivi
Description: Added secret key environment variable in attached power automate flow.</CommitMessage>
      <Publisher xsi:nil="true"></Publisher>
      <AuthorizationReferences>[]</AuthorizationReferences>
      <ConnectionReferences>{"6cf8bf36-e0a3-4582-a952-16a913367164":{"id":"/providers/microsoft.powerapps/apis/shared_logicflows","displayName":"Logic flows","iconUri":"https://connectoricons-prod.azureedge.net/releases/v1.0.1534/1.0.1534.2605/logicflows/icon.png","dataSources":["Stripe_GetPaymentIntent"],"dependencies":["03d5dd38-356c-4200-99c9-6250b411ff8c"],"dependents":[],"parameterHints":{"workflowName":{"value":"13209260-8d6c-4f31-8dd2-42b437693732"},"workflowEntityId":{"value":"43770d36-7b77-ed11-81ac-002248d5d6ed"},"03d5dd38-356c-4200-99c9-6250b411ff8c":{"value":"shared_office365"}},"parameterHintsV2":{"workflowName":{"value":"13209260-8d6c-4f31-8dd2-42b437693732"},"workflowEntityId":{"value":"43770d36-7b77-ed11-81ac-002248d5d6ed"},"shared_office365":{"value":"03d5dd38-356c-4200-99c9-6250b411ff8c"}},"isOnPremiseConnection":false,"bypassConsent":false,"dataSets":{},"apiTier":"Standard","actions":["Run"]},"03d5dd38-356c-4200-99c9-6250b411ff8c":{"id":"/providers/microsoft.powerapps/apis/shared_office365","displayName":"Office 365 Outlook","iconUri":"https://connectoricons-prod.azureedge.net/releases/v1.0.1611/1.0.1611.3104/office365/icon.png","dataSources":[],"dependencies":[],"dependents":["6cf8bf36-e0a3-4582-a952-16a913367164"],"parameterHints":{},"parameterHintsV2":{},"isOnPremiseConnection":false,"bypassConsent":false,"dataSets":{},"apiTier":"Standard"}}</ConnectionReferences>
      <DatabaseReferences>{"default.cds":{"databaseDetails":{"referenceType":"Environmental","environmentName":"default.cds","overrideValues":{"status":"NotSpecified"}},"dataSources":{"Environment Variable Definitions":{"entitySetName":"environmentvariabledefinitions","logicalName":"environmentvariabledefinition"},"Environment Variable Values":{"entitySetName":"environmentvariablevalues","logicalName":"environmentvariablevalue"}},"components":[{"componentName":"CustomControl","identifier":"damco_PcfStripeIntegrationNamespace.PcfStripeIntegration","identifierType":"LogicalName","capabilities":{"pcfExternalServiceUsageAllowed":false}}]}}</DatabaseReferences>
      <AppComponents>[]</AppComponents>
      <AppComponentDependencies>[]</AppComponentDependencies>
      <CanConsumeAppPass>1</CanConsumeAppPass>
      <CanvasAppType>0</CanvasAppType>
      <BypassConsent>0</BypassConsent>
      <AdminControlBypassConsent>0</AdminControlBypassConsent>
      <EmbeddedApp xsi:nil="true"></EmbeddedApp>
      <IntroducedVersion>1.0</IntroducedVersion>
      <CdsDependencies>{"cdsdependencies":[{"logicalname":"environmentvariabledefinition","componenttype":1},{"logicalname":"environmentvariablevalue","componenttype":1},{"dependencyid":"","logicalname":"damco_PcfStripeIntegrationNamespace.PcfStripeIntegration","componenttype":66,"componenttypeplatformname":"CustomControl"}]}</CdsDependencies>
      <IsCustomizable>1</IsCustomizable>
      <BackgroundImageUri>/CanvasApps/damco_stripepcfdemo_0dc10_BackgroundImageUri</BackgroundImageUri>
      <DocumentUri>/CanvasApps/damco_stripepcfdemo_0dc10_DocumentUri.msapp</DocumentUri>
    </CanvasApp>
  </CanvasApps>
  <connectionreferences>
    <connectionreference connectionreferencelogicalname="damco_CR_Outlook365_Damco">
      <connectionreferencedisplayname>CR_Outlook365_Damco</connectionreferencedisplayname>
      <connectorid>/providers/Microsoft.PowerApps/apis/shared_office365</connectorid>
      <description>Connection Reference for outlook connector</description>
      <iscustomizable>1</iscustomizable>
      <statecode>0</statecode>
      <statuscode>1</statuscode>
    </connectionreference>
  </connectionreferences>
  <Languages>
    <Language>1033</Language>
  </Languages>
</ImportExportXml>