{
  "properties": {
    "connectionReferences": {
      "shared_office365": {
        "runtimeSource": "invoker",
        "connection": {
          "connectionReferenceLogicalName": "damco_CR_Outlook365_Damco"
        },
        "api": {
          "name": "shared_office365"
        }
      }
    },
    "definition": {
      "$schema": "https://schema.management.azure.com/providers/Microsoft.Logic/schemas/2016-06-01/workflowdefinition.json#",
      "contentVersion": "1.0.0.0",
      "parameters": {
        "$connections": {
          "defaultValue": {},
          "type": "Object"
        },
        "$authentication": {
          "defaultValue": {},
          "type": "SecureObject"
        },
        "EV_StripeSecretKey (damco_EV_StripeSecretKey)": {
          "defaultValue": "sk_test_51Ls4mwJjZvPNU36UxraZZHPAeX8ik2ST3LUa1MqVjK0qNalUPFQl0VwSzWnBzOLt538ON0e63nh0p0Dc1RlsbOqS00GNxuZ9Go",
          "type": "String",
          "metadata": {
            "schemaName": "damco_EV_StripeSecretKey",
            "description": "Environment variable for storing Stripe secret key. You can get this value from Stripe Dashboard."
          }
        }
      },
      "triggers": {
        "manual": {
          "metadata": {
            "operationMetadataId": "bc5661da-2ddc-4831-b406-8edc2f1928a4"
          },
          "type": "Request",
          "kind": "PowerApp",
          "inputs": {
            "schema": {
              "type": "object",
              "properties": {
                "Initializevariable-TotalAmount_Value": {
                  "type": "integer",
                  "description": "Enter initial value",
                  "x-ms-powerflows-param-ispartial": false
                }
              },
              "required": [
                "Initializevariable-TotalAmount_Value"
              ]
            }
          }
        }
      },
      "actions": {
        "Initialize_variable_-_TotalAmount": {
          "runAfter": {},
          "metadata": {
            "operationMetadataId": "4dea5efb-d364-437c-9e15-da0dac7bcea8"
          },
          "type": "InitializeVariable",
          "inputs": {
            "variables": [
              {
                "name": "varTotalAmount",
                "type": "integer",
                "value": "@triggerBody()['Initializevariable-TotalAmount_Value']"
              }
            ]
          }
        },
        "Try": {
          "actions": {
            "HTTP_-_Create_Payment_Intent": {
              "runAfter": {},
              "metadata": {
                "operationMetadataId": "07da9861-de44-47b4-b064-279445f943db"
              },
              "type": "Http",
              "inputs": {
                "method": "POST",
                "uri": "https://api.stripe.com/v1/payment_intents?amount=@{variables('varTotalAmount')}&currency=usd&description=Demo Payment Method",
                "headers": {
                  "Authorization": "Bearer @{parameters('EV_StripeSecretKey (damco_EV_StripeSecretKey)')}"
                }
              },
              "description": "Make Http call to stripe api to create payment intent object for the current transaction trigger.  a) Required parameters to be used in api are payment amount and currency. b) Pass stripe secret key to header for authentication"
            },
            "Parse_JSON_-_Payment_Intent_Object": {
              "runAfter": {
                "HTTP_-_Create_Payment_Intent": [
                  "Succeeded"
                ]
              },
              "metadata": {
                "operationMetadataId": "9acbdf36-22f8-464a-bd0f-f164d4b95548"
              },
              "type": "ParseJson",
              "inputs": {
                "content": "@body('HTTP_-_Create_Payment_Intent')",
                "schema": {
                  "type": "object",
                  "properties": {
                    "id": {
                      "type": "string"
                    },
                    "object": {
                      "type": "string"
                    },
                    "amount": {
                      "type": "integer"
                    },
                    "amount_capturable": {
                      "type": "integer"
                    },
                    "amount_details": {
                      "type": "object",
                      "properties": {
                        "tip": {
                          "type": "object",
                          "properties": {}
                        }
                      }
                    },
                    "amount_received": {
                      "type": "integer"
                    },
                    "application": {},
                    "application_fee_amount": {},
                    "automatic_payment_methods": {},
                    "canceled_at": {},
                    "cancellation_reason": {},
                    "capture_method": {
                      "type": "string"
                    },
                    "charges": {
                      "type": "object",
                      "properties": {
                        "object": {
                          "type": "string"
                        },
                        "data": {
                          "type": "array"
                        },
                        "has_more": {
                          "type": "boolean"
                        },
                        "total_count": {
                          "type": "integer"
                        },
                        "url": {
                          "type": "string"
                        }
                      }
                    },
                    "client_secret": {
                      "type": "string"
                    },
                    "confirmation_method": {
                      "type": "string"
                    },
                    "created": {
                      "type": "integer"
                    },
                    "currency": {
                      "type": "string"
                    },
                    "customer": {},
                    "description": {},
                    "invoice": {},
                    "last_payment_error": {},
                    "livemode": {
                      "type": "boolean"
                    },
                    "metadata": {
                      "type": "object",
                      "properties": {}
                    },
                    "next_action": {},
                    "on_behalf_of": {},
                    "payment_method": {},
                    "payment_method_options": {
                      "type": "object",
                      "properties": {
                        "card": {
                          "type": "object",
                          "properties": {
                            "installments": {},
                            "mandate_options": {},
                            "network": {},
                            "request_three_d_secure": {
                              "type": "string"
                            }
                          }
                        }
                      }
                    },
                    "payment_method_types": {
                      "type": "array",
                      "items": {
                        "type": "string"
                      }
                    },
                    "processing": {},
                    "receipt_email": {},
                    "review": {},
                    "setup_future_usage": {},
                    "shipping": {},
                    "source": {},
                    "statement_descriptor": {},
                    "statement_descriptor_suffix": {},
                    "status": {
                      "type": "string"
                    },
                    "transfer_data": {},
                    "transfer_group": {}
                  }
                }
              }
            },
            "Respond_to_a_PowerApp_or_flow": {
              "runAfter": {
                "Parse_JSON_-_Payment_Intent_Object": [
                  "Succeeded"
                ]
              },
              "metadata": {
                "operationMetadataId": "b61baadb-e065-416f-b472-233143ff756e"
              },
              "type": "Response",
              "kind": "PowerApp",
              "inputs": {
                "statusCode": 200,
                "body": {
                  "paymentintentsecret": "@body('Parse_JSON_-_Payment_Intent_Object')?['client_secret']"
                },
                "schema": {
                  "type": "object",
                  "properties": {
                    "paymentintentsecret": {
                      "title": "paymentIntentSecret",
                      "x-ms-dynamically-added": true,
                      "type": "string"
                    }
                  }
                }
              },
              "description": "Return the client secret generated from payment intent object back to PowerApps"
            }
          },
          "runAfter": {
            "Initialize_variable_-_Admins": [
              "Succeeded"
            ]
          },
          "metadata": {
            "operationMetadataId": "6faa4e8e-1f68-4bac-9536-a556bb369884"
          },
          "type": "Scope"
        },
        "Catch": {
          "actions": {
            "Filter_array": {
              "runAfter": {},
              "metadata": {
                "operationMetadataId": "53f96066-3db2-47f2-8732-2b2059105501"
              },
              "type": "Query",
              "inputs": {
                "from": "@result('Try')",
                "where": "@or(equals(item()?['Status'], 'Failed'), equals(item()?['Status'], 'TimedOut'))"
              }
            },
            "Create_HTML_Table_": {
              "runAfter": {
                "Filter_array": [
                  "Succeeded"
                ]
              },
              "metadata": {
                "operationMetadataId": "57ef8af9-ba21-467b-8e7c-fc44e542b8ec"
              },
              "type": "Table",
              "inputs": {
                "from": "@body('Filter_array')",
                "format": "HTML",
                "columns": [
                  {
                    "header": "Action",
                    "value": "@item()?['name']"
                  },
                  {
                    "header": "Status",
                    "value": "@item()?['Status']"
                  },
                  {
                    "header": "ErrorMessage",
                    "value": "@item()?['error']?['message']"
                  }
                ]
              }
            },
            "Send_an_email_(V2)": {
              "runAfter": {
                "Create_HTML_Table_": [
                  "Succeeded"
                ]
              },
              "metadata": {
                "operationMetadataId": "eec87ace-9b41-43b6-bf08-d607facb2db0"
              },
              "type": "OpenApiConnection",
              "inputs": {
                "host": {
                  "connectionName": "shared_office365",
                  "operationId": "SendEmailV2",
                  "apiId": "/providers/Microsoft.PowerApps/apis/shared_office365"
                },
                "parameters": {
                  "emailMessage/To": "@variables('varAdmins')",
                  "emailMessage/Subject": "Flow 'Stripe_GetPaymentIntent' is failed",
                  "emailMessage/Body": "<style>\ntable, td, th {  \n  border: 1px solid #ddd;\n  text-align: left;\n}\n\ntable {\n  border-collapse: collapse;\n  width: 100%;\n}\n\nth, td {\n  padding: 15px;\n}\n</style>\nPlease check below flow errors and take action to resolve:\n<p>@{body('Create_HTML_Table_')}</p>\n<a href='@{concat('https://make.powerautomate.com/environments/', workflow()?['tags']['environmentName'], '/flows/', workflow()?['name'], '/runs/', workflow()?['run']['name'])}'>Check failed flow Run Instance</a>",
                  "emailMessage/Importance": "Normal"
                },
                "authentication": {
                  "type": "Raw",
                  "value": "@json(decodeBase64(triggerOutputs().headers['X-MS-APIM-Tokens']))['$ConnectionKey']"
                }
              }
            },
            "Terminate_the_flow": {
              "runAfter": {
                "Send_an_email_(V2)": [
                  "Succeeded"
                ]
              },
              "metadata": {
                "operationMetadataId": "2f9a2cf9-bad8-4c87-9a2f-e27b1239a1b3"
              },
              "type": "Terminate",
              "inputs": {
                "runStatus": "Failed"
              },
              "description": "Terminate the flow in case of errors with failed status"
            }
          },
          "runAfter": {
            "Try": [
              "Failed",
              "TimedOut"
            ]
          },
          "metadata": {
            "operationMetadataId": "e6355caf-6d47-4307-9caa-cca1321670f7"
          },
          "type": "Scope"
        },
        "Initialize_variable_-_Admins": {
          "runAfter": {
            "Initialize_variable_-_TotalAmount": [
              "Succeeded"
            ]
          },
          "metadata": {
            "operationMetadataId": "2197ea50-7cde-4764-bb5e-c647355f754b"
          },
          "type": "InitializeVariable",
          "inputs": {
            "variables": [
              {
                "name": "varAdmins",
                "type": "string",
                "value": "shivis@damcogroup.com"
              }
            ]
          },
          "description": "Variable used for storing admin email ids. These admins would be informed whenever the current flow is failed due to any reason."
        }
      }
    },
    "templateName": ""
  },
  "schemaVersion": "1.0.0.0"
}