<manifest><control namespace="PcfStripeIntegrationNamespace" constructor="PcfStripeIntegration" version="0.1.57" display-name-key="PcfStripeIntegration" description-key="PcfStripeIntegration description" control-type="standard" api-version="1.3.4"><external-service-usage enabled="false" /><property name="Customer" display-name-key="Customer" description-key="Customer name or reference" of-type="SingleLine.Text" usage="input" required="false" default-value="" /><property name="Reset" display-name-key="Reset" description-key="Reset from start" of-type="TwoOptions" usage="input" required="false" default-value="false" /><property name="PaymentStatus" display-name-key="PaymentStatus" description-key="Payment status" of-type="SingleLine.Text" usage="bound" required="true" default-value="new" /><property name="StripeClientKey" display-name-key="StripeClientKey" description-key="Stripe client key (public)" of-type="SingleLine.Text" usage="input" required="true" default-value="" /><property name="PaymentIntentClientSecret" display-name-key="PaymentIntentClientSecret" description-key="PaymentIntent.client_secret value" of-type="SingleLine.Text" usage="input" required="true" default-value="" /><property name="PaymentAmount" display-name-key="PaymentAmount" description-key="Total Payment Amount" of-type="SingleLine.Text" usage="input" required="false" default-value="" /><property name="CardFontSize" display-name-key="CardFontSize" description-key="Card element font size" of-type="Decimal" usage="input" required="false" default-value="22" /><property name="ButtonFontSize" display-name-key="ButtonFontSize" description-key="Submit button font size" of-type="Decimal" usage="input" required="false" default-value="22" /><property name="ErrorFontSize" display-name-key="ErrorFontSize" description-key="Error message font size" of-type="Decimal" usage="input" required="false" default-value="22" /><resources><code path="bundle.js" order="1" /><css path="css/global.css" order="1" /></resources><built-by name="pac" version="1.18.4" /></control></manifest>