<environmentvariabledefinition schemaname="damco_EV_StripePublishedKey">
  <defaultvalue>pk_test_51Ls4mwJjZvPNU36Uh5C3Fq574oziMFPjA6IcsndFVIitlis8idmLcVW6z7DQggCFwA0xI76cpr6ndmHgKQj9RxXH00ceon7fnF</defaultvalue>
  <description default="Environment variable for storing Stripe published key. You can get this value from Stripe Dashboard.">
    <label description="Environment variable for storing Stripe published key. You can get this value from Stripe Dashboard." languagecode="1033" />
  </description>
  <displayname default="EV_StripePublishedKey">
    <label description="EV_StripePublishedKey" languagecode="1033" />
  </displayname>
  <introducedversion>1.0.0.0</introducedversion>
  <iscustomizable>1</iscustomizable>
  <isrequired>0</isrequired>
  <secretstore>0</secretstore>
  <type>100000000</type>
</environmentvariabledefinition>