<environmentvariabledefinition schemaname="damco_EV_StripeSecretKey">
  <defaultvalue>sk_test_51Ls4mwJjZvPNU36UxraZZHPAeX8ik2ST3LUa1MqVjK0qNalUPFQl0VwSzWnBzOLt538ON0e63nh0p0Dc1RlsbOqS00GNxuZ9Go</defaultvalue>
  <description default="Environment variable for storing Stripe secret key. You can get this value from Stripe Dashboard.">
    <label description="Environment variable for storing Stripe secret key. You can get this value from Stripe Dashboard." languagecode="1033" />
  </description>
  <displayname default="EV_StripeSecretKey">
    <label description="EV_StripeSecretKey" languagecode="1033" />
  </displayname>
  <introducedversion>1.0.0.0</introducedversion>
  <iscustomizable>1</iscustomizable>
  <isrequired>0</isrequired>
  <secretstore>0</secretstore>
  <type>100000000</type>
</environmentvariabledefinition>